,Class_Name_1,URI_1,Class_Name_2,URI_2,Relation
0,academicfield,http://rtw.ml.cmu.edu/rtw/kbbrowser/pred:academicfield,academicconference,http://dbpedia.org/ontology/AcademicConference,0
1,academicfield,http://rtw.ml.cmu.edu/rtw/kbbrowser/pred:academicfield,language,http://dbpedia.org/ontology/Language,0
2,academicfield,http://rtw.ml.cmu.edu/rtw/kbbrowser/pred:academicfield,programminglanguage,http://dbpedia.org/ontology/ProgrammingLanguage,0
3,academicfield,http://rtw.ml.cmu.edu/rtw/kbbrowser/pred:academicfield,academicsubject,http://dbpedia.org/ontology/AcademicSubject,1
4,actor,http://rtw.ml.cmu.edu/rtw/kbbrowser/pred:actor,airport,http://dbpedia.org/ontology/Airport,0
5,actor,http://rtw.ml.cmu.edu/rtw/kbbrowser/pred:actor,artery,http://dbpedia.org/ontology/Artery,0
6,actor,http://rtw.ml.cmu.edu/rtw/kbbrowser/pred:actor,bacteria,http://dbpedia.org/ontology/Bacteria,0
7,actor,http://rtw.ml.cmu.edu/rtw/kbbrowser/pred:actor,film,http://dbpedia.org/ontology/Film,0
8,actor,http://rtw.ml.cmu.edu/rtw/kbbrowser/pred:actor,artwork,http://dbpedia.org/ontology/Artwork,0
9,actor,http://rtw.ml.cmu.edu/rtw/kbbrowser/pred:actor,actor,http://dbpedia.org/ontology/Actor,1
10,actor,http://rtw.ml.cmu.edu/rtw/kbbrowser/pred:actor,comedian,http://dbpedia.org/ontology/Comedian,0
11,actor,http://rtw.ml.cmu.edu/rtw/kbbrowser/pred:actor,model,http://dbpedia.org/ontology/Model,0
12,airport,http://rtw.ml.cmu.edu/rtw/kbbrowser/pred:airport,airport,http://dbpedia.org/ontology/Airport,1
13,airport,http://rtw.ml.cmu.edu/rtw/kbbrowser/pred:airport,shoppingmall,http://dbpedia.org/ontology/ShoppingMall,0
14,airport,http://rtw.ml.cmu.edu/rtw/kbbrowser/pred:airport,port,http://dbpedia.org/ontology/Port,0
15,airport,http://rtw.ml.cmu.edu/rtw/kbbrowser/pred:airport,lake,http://dbpedia.org/ontology/Lake,0
16,airport,http://rtw.ml.cmu.edu/rtw/kbbrowser/pred:airport,artery,http://dbpedia.org/ontology/Artery,0
17,airport,http://rtw.ml.cmu.edu/rtw/kbbrowser/pred:airport,artwork,http://dbpedia.org/ontology/Artwork,0
18,airport,http://rtw.ml.cmu.edu/rtw/kbbrowser/pred:airport,sport,http://dbpedia.org/ontology/Sport,0
19,airport,http://rtw.ml.cmu.edu/rtw/kbbrowser/pred:airport,actor,http://dbpedia.org/ontology/Actor,0
20,amphibian,http://rtw.ml.cmu.edu/rtw/kbbrowser/pred:amphibian,bird,http://dbpedia.org/ontology/Bird,0
21,amphibian,http://rtw.ml.cmu.edu/rtw/kbbrowser/pred:amphibian,amphibian,http://dbpedia.org/ontology/Amphibian,1
22,amphibian,http://rtw.ml.cmu.edu/rtw/kbbrowser/pred:amphibian,reptile,http://dbpedia.org/ontology/Reptile,0
23,archaea,http://rtw.ml.cmu.edu/rtw/kbbrowser/pred:archaea,drug,http://dbpedia.org/ontology/Drug,0
24,archaea,http://rtw.ml.cmu.edu/rtw/kbbrowser/pred:archaea,chemicalsubstance,http://dbpedia.org/ontology/ChemicalSubstance,0
25,archaea,http://rtw.ml.cmu.edu/rtw/kbbrowser/pred:archaea,archaea,http://dbpedia.org/ontology/Archaea,1
26,archaea,http://rtw.ml.cmu.edu/rtw/kbbrowser/pred:archaea,architect,http://dbpedia.org/ontology/Architect,0
27,archaea,http://rtw.ml.cmu.edu/rtw/kbbrowser/pred:archaea,chef,http://dbpedia.org/ontology/Chef,0
28,architect,http://rtw.ml.cmu.edu/rtw/kbbrowser/pred:architect,artery,http://dbpedia.org/ontology/Artery,0
29,architect,http://rtw.ml.cmu.edu/rtw/kbbrowser/pred:architect,archaea,http://dbpedia.org/ontology/Archaea,0
30,architect,http://rtw.ml.cmu.edu/rtw/kbbrowser/pred:architect,artwork,http://dbpedia.org/ontology/Artwork,0
31,architect,http://rtw.ml.cmu.edu/rtw/kbbrowser/pred:architect,architect,http://dbpedia.org/ontology/Architect,1
32,architect,http://rtw.ml.cmu.edu/rtw/kbbrowser/pred:architect,researchproject,http://dbpedia.org/ontology/ResearchProject,0
33,architect,http://rtw.ml.cmu.edu/rtw/kbbrowser/pred:architect,writer,http://dbpedia.org/ontology/Writer,0
34,artery,http://rtw.ml.cmu.edu/rtw/kbbrowser/pred:artery,airport,http://dbpedia.org/ontology/Airport,0
35,artery,http://rtw.ml.cmu.edu/rtw/kbbrowser/pred:artery,vein,http://dbpedia.org/ontology/Vein,0
36,artery,http://rtw.ml.cmu.edu/rtw/kbbrowser/pred:artery,artery,http://dbpedia.org/ontology/Artery,1
37,artery,http://rtw.ml.cmu.edu/rtw/kbbrowser/pred:artery,brain,http://dbpedia.org/ontology/Brain,0
38,artery,http://rtw.ml.cmu.edu/rtw/kbbrowser/pred:artery,protein,http://dbpedia.org/ontology/Protein,0
39,artery,http://rtw.ml.cmu.edu/rtw/kbbrowser/pred:artery,bacteria,http://dbpedia.org/ontology/Bacteria,0
40,artery,http://rtw.ml.cmu.edu/rtw/kbbrowser/pred:artery,artwork,http://dbpedia.org/ontology/Artwork,0
41,artery,http://rtw.ml.cmu.edu/rtw/kbbrowser/pred:artery,actor,http://dbpedia.org/ontology/Actor,0
42,artery,http://rtw.ml.cmu.edu/rtw/kbbrowser/pred:artery,architect,http://dbpedia.org/ontology/Architect,0
43,artery,http://rtw.ml.cmu.edu/rtw/kbbrowser/pred:artery,winery,http://dbpedia.org/ontology/Winery,0
44,artery,http://rtw.ml.cmu.edu/rtw/kbbrowser/pred:artery,writer,http://dbpedia.org/ontology/Writer,0
45,astronaut,http://rtw.ml.cmu.edu/rtw/kbbrowser/pred:astronaut,street,http://dbpedia.org/ontology/Street,0
46,astronaut,http://rtw.ml.cmu.edu/rtw/kbbrowser/pred:astronaut,scientist,http://dbpedia.org/ontology/Scientist,0
47,astronaut,http://rtw.ml.cmu.edu/rtw/kbbrowser/pred:astronaut,astronaut,http://dbpedia.org/ontology/Astronaut,1
48,athlete,http://rtw.ml.cmu.edu/rtw/kbbrowser/pred:athlete,state,http://dbpedia.org/ontology/State,0
49,athlete,http://rtw.ml.cmu.edu/rtw/kbbrowser/pred:athlete,website,http://dbpedia.org/ontology/Website,0
50,athlete,http://rtw.ml.cmu.edu/rtw/kbbrowser/pred:athlete,street,http://dbpedia.org/ontology/Street,0
51,athlete,http://rtw.ml.cmu.edu/rtw/kbbrowser/pred:athlete,cheese,http://dbpedia.org/ontology/Cheese,0
52,athlete,http://rtw.ml.cmu.edu/rtw/kbbrowser/pred:athlete,weapon,http://dbpedia.org/ontology/Weapon,0
53,athlete,http://rtw.ml.cmu.edu/rtw/kbbrowser/pred:athlete,politician,http://dbpedia.org/ontology/Politician,0
54,athlete,http://rtw.ml.cmu.edu/rtw/kbbrowser/pred:athlete,athlete,http://dbpedia.org/ontology/Athlete,1
55,automobileengine,http://rtw.ml.cmu.edu/rtw/kbbrowser/pred:automobileengine,stadium,http://dbpedia.org/ontology/Stadium,0
56,automobileengine,http://rtw.ml.cmu.edu/rtw/kbbrowser/pred:automobileengine,automobile,http://dbpedia.org/ontology/Automobile,0
57,automobileengine,http://rtw.ml.cmu.edu/rtw/kbbrowser/pred:automobileengine,autombileengine,http://dbpedia.org/ontology/AutombileEngine,1
58,automobileengine,http://rtw.ml.cmu.edu/rtw/kbbrowser/pred:automobileengine,convention,http://dbpedia.org/ontology/Convention,0
59,awardtrophytournament,http://rtw.ml.cmu.edu/rtw/kbbrowser/pred:awardtrophytournament,weapon,http://dbpedia.org/ontology/Weapon,0
60,awardtrophytournament,http://rtw.ml.cmu.edu/rtw/kbbrowser/pred:awardtrophytournament,album,http://dbpedia.org/ontology/Album,0
61,awardtrophytournament,http://rtw.ml.cmu.edu/rtw/kbbrowser/pred:awardtrophytournament,sportsleague,http://dbpedia.org/ontology/SportsLeague,0
62,bacteria,http://rtw.ml.cmu.edu/rtw/kbbrowser/pred:bacteria,artery,http://dbpedia.org/ontology/Artery,0
63,bacteria,http://rtw.ml.cmu.edu/rtw/kbbrowser/pred:bacteria,bacteria,http://dbpedia.org/ontology/Bacteria,1
64,bacteria,http://rtw.ml.cmu.edu/rtw/kbbrowser/pred:bacteria,archaea,http://dbpedia.org/ontology/Archaea,0
65,bacteria,http://rtw.ml.cmu.edu/rtw/kbbrowser/pred:bacteria,actor,http://dbpedia.org/ontology/Actor,0
66,bank,http://rtw.ml.cmu.edu/rtw/kbbrowser/pred:bank,park,http://dbpedia.org/ontology/Park,0
67,bank,http://rtw.ml.cmu.edu/rtw/kbbrowser/pred:bank,park,http://dbpedia.org/ontology/Park,0
68,bank,http://rtw.ml.cmu.edu/rtw/kbbrowser/pred:bank,bone,http://dbpedia.org/ontology/Bone,0
69,bank,http://rtw.ml.cmu.edu/rtw/kbbrowser/pred:bank,book,http://dbpedia.org/ontology/Book,0
70,bank,http://rtw.ml.cmu.edu/rtw/kbbrowser/pred:bank,bank,http://dbpedia.org/ontology/Bank,1
71,beach,http://rtw.ml.cmu.edu/rtw/kbbrowser/pred:beach,airport,http://dbpedia.org/ontology/Airport,0
72,beach,http://rtw.ml.cmu.edu/rtw/kbbrowser/pred:beach,park,http://dbpedia.org/ontology/Park,0
73,beach,http://rtw.ml.cmu.edu/rtw/kbbrowser/pred:beach,park,http://dbpedia.org/ontology/Park,0
74,beach,http://rtw.ml.cmu.edu/rtw/kbbrowser/pred:beach,beach,http://dbpedia.org/ontology/Beach,1
75,beach,http://rtw.ml.cmu.edu/rtw/kbbrowser/pred:beach,monarch,http://dbpedia.org/ontology/Monarch,0
76,beach,http://rtw.ml.cmu.edu/rtw/kbbrowser/pred:beach,coach,http://dbpedia.org/ontology/Coach,0
77,beverage,http://rtw.ml.cmu.edu/rtw/kbbrowser/pred:beverage,hospital,http://dbpedia.org/ontology/Hospital,0
78,beverage,http://rtw.ml.cmu.edu/rtw/kbbrowser/pred:beverage,hotel,http://dbpedia.org/ontology/Hotel,0
79,beverage,http://rtw.ml.cmu.edu/rtw/kbbrowser/pred:beverage,beverage,http://dbpedia.org/ontology/Beverage,1
80,bird,http://rtw.ml.cmu.edu/rtw/kbbrowser/pred:bird,bird,http://dbpedia.org/ontology/Bird,1
81,bird,http://rtw.ml.cmu.edu/rtw/kbbrowser/pred:bird,mammal,http://dbpedia.org/ontology/Mammal,0
82,boardgame,http://rtw.ml.cmu.edu/rtw/kbbrowser/pred:boardgame,bridge,http://dbpedia.org/ontology/Bridge,0
83,boardgame,http://rtw.ml.cmu.edu/rtw/kbbrowser/pred:boardgame,videogame,http://dbpedia.org/ontology/VideoGame,0
85,boardgame,http://rtw.ml.cmu.edu/rtw/kbbrowser/pred:boardgame,televisionshow,http://dbpedia.org/ontology/TelevisionShow,0
86,boardgame,http://rtw.ml.cmu.edu/rtw/kbbrowser/pred:boardgame,cardgame,http://dbpedia.org/ontology/CardGame,0
87,boardgame,http://rtw.ml.cmu.edu/rtw/kbbrowser/pred:boardgame,boardgame,http://dbpedia.org/ontology/BoardGame,1
88,boardgame,http://rtw.ml.cmu.edu/rtw/kbbrowser/pred:boardgame,sportsteam,http://dbpedia.org/ontology/SportsTeam,0
89,bombingevent,http://rtw.ml.cmu.edu/rtw/kbbrowser/pred:bombingevent,monument,http://dbpedia.org/ontology/Monument,0
90,bombingevent,http://rtw.ml.cmu.edu/rtw/kbbrowser/pred:bombingevent,continent,http://dbpedia.org/ontology/Continent,0
91,bombingevent,http://rtw.ml.cmu.edu/rtw/kbbrowser/pred:bombingevent,videogame,http://dbpedia.org/ontology/VideoGame,0
92,bombingevent,http://rtw.ml.cmu.edu/rtw/kbbrowser/pred:bombingevent,magazine,http://dbpedia.org/ontology/Magazine,0
93,bone,http://rtw.ml.cmu.edu/rtw/kbbrowser/pred:bone,wine,http://dbpedia.org/ontology/Wine,0
94,bone,http://rtw.ml.cmu.edu/rtw/kbbrowser/pred:bone,bone,http://dbpedia.org/ontology/Bone,1
95,bone,http://rtw.ml.cmu.edu/rtw/kbbrowser/pred:bone,disease,http://dbpedia.org/ontology/Disease,0
96,bone,http://rtw.ml.cmu.edu/rtw/kbbrowser/pred:bone,book,http://dbpedia.org/ontology/Book,0
97,bone,http://rtw.ml.cmu.edu/rtw/kbbrowser/pred:bone,song,http://dbpedia.org/ontology/Song,0
98,bone,http://rtw.ml.cmu.edu/rtw/kbbrowser/pred:bone,bank,http://dbpedia.org/ontology/Bank,0
99,book,http://rtw.ml.cmu.edu/rtw/kbbrowser/pred:book,city,http://dbpedia.org/ontology/City,0
100,book,http://rtw.ml.cmu.edu/rtw/kbbrowser/pred:book,zoo,http://dbpedia.org/ontology/Zoo,0
101,book,http://rtw.ml.cmu.edu/rtw/kbbrowser/pred:book,bone,http://dbpedia.org/ontology/Bone,0
102,book,http://rtw.ml.cmu.edu/rtw/kbbrowser/pred:book,book,http://dbpedia.org/ontology/Book,1
103,book,http://rtw.ml.cmu.edu/rtw/kbbrowser/pred:book,bank,http://dbpedia.org/ontology/Bank,0
104,braintissue,http://rtw.ml.cmu.edu/rtw/kbbrowser/pred:braintissue,brain,http://dbpedia.org/ontology/Brain,1
105,bridge,http://rtw.ml.cmu.edu/rtw/kbbrowser/pred:bridge,bridge,http://dbpedia.org/ontology/Bridge,1
106,bridge,http://rtw.ml.cmu.edu/rtw/kbbrowser/pred:bridge,boardgame,http://dbpedia.org/ontology/BoardGame,0
107,bridge,http://rtw.ml.cmu.edu/rtw/kbbrowser/pred:bridge,judge,http://dbpedia.org/ontology/Judge,0
108,cardgame,http://rtw.ml.cmu.edu/rtw/kbbrowser/pred:cardgame,videogame,http://dbpedia.org/ontology/VideoGame,0
109,cardgame,http://rtw.ml.cmu.edu/rtw/kbbrowser/pred:cardgame,mammal,http://dbpedia.org/ontology/Mammal,0
110,cardgame,http://rtw.ml.cmu.edu/rtw/kbbrowser/pred:cardgame,activity,http://dbpedia.org/ontology/Activity,0
111,cardgame,http://rtw.ml.cmu.edu/rtw/kbbrowser/pred:cardgame,cardgame,http://dbpedia.org/ontology/CardGame,1
112,cardgame,http://rtw.ml.cmu.edu/rtw/kbbrowser/pred:cardgame,boardgame,http://dbpedia.org/ontology/BoardGame,0
113,cardgame,http://rtw.ml.cmu.edu/rtw/kbbrowser/pred:cardgame,recordlabel,http://dbpedia.org/ontology/RecordLabel,0
114,cardgame,http://rtw.ml.cmu.edu/rtw/kbbrowser/pred:cardgame,magazine,http://dbpedia.org/ontology/Magazine,0
115,cave,http://rtw.ml.cmu.edu/rtw/kbbrowser/pred:cave,lake,http://dbpedia.org/ontology/Lake,0
116,cave,http://rtw.ml.cmu.edu/rtw/kbbrowser/pred:cave,cave,http://dbpedia.org/ontology/Cave,1
117,cave,http://rtw.ml.cmu.edu/rtw/kbbrowser/pred:cave,race,http://dbpedia.org/ontology/Race,0
118,celebrity,http://rtw.ml.cmu.edu/rtw/kbbrowser/pred:celebrity,city,http://dbpedia.org/ontology/City,0
119,celebrity,http://rtw.ml.cmu.edu/rtw/kbbrowser/pred:celebrity,website,http://dbpedia.org/ontology/Website,0
120,celebrity,http://rtw.ml.cmu.edu/rtw/kbbrowser/pred:celebrity,election,http://dbpedia.org/ontology/Election,0
121,celebrity,http://rtw.ml.cmu.edu/rtw/kbbrowser/pred:celebrity,film,http://dbpedia.org/ontology/Film,0
122,celebrity,http://rtw.ml.cmu.edu/rtw/kbbrowser/pred:celebrity,politician,http://dbpedia.org/ontology/Politician,0
123,celebrity,http://rtw.ml.cmu.edu/rtw/kbbrowser/pred:celebrity,actor,http://dbpedia.org/ontology/Actor,0
124,celebrity,http://rtw.ml.cmu.edu/rtw/kbbrowser/pred:celebrity,celebrity,http://dbpedia.org/ontology/Celebrity,1
125,ceo,http://rtw.ml.cmu.edu/rtw/kbbrowser/pred:ceo,museum,http://dbpedia.org/ontology/Museum,0
126,ceo,http://rtw.ml.cmu.edu/rtw/kbbrowser/pred:ceo,film,http://dbpedia.org/ontology/Film,0
127,ceo,http://rtw.ml.cmu.edu/rtw/kbbrowser/pred:ceo,artwork,http://dbpedia.org/ontology/Artwork,0
128,ceo,http://rtw.ml.cmu.edu/rtw/kbbrowser/pred:ceo,actor,http://dbpedia.org/ontology/Actor,0
129,ceo,http://rtw.ml.cmu.edu/rtw/kbbrowser/pred:ceo,chef,http://dbpedia.org/ontology/Chef,0
130,cheese,http://rtw.ml.cmu.edu/rtw/kbbrowser/pred:cheese,cheese,http://dbpedia.org/ontology/Cheese,1
131,cheese,http://rtw.ml.cmu.edu/rtw/kbbrowser/pred:cheese,disease,http://dbpedia.org/ontology/Disease,0
132,cheese,http://rtw.ml.cmu.edu/rtw/kbbrowser/pred:cheese,athlete,http://dbpedia.org/ontology/Athlete,0
133,cheese,http://rtw.ml.cmu.edu/rtw/kbbrowser/pred:cheese,chef,http://dbpedia.org/ontology/Chef,0
134,chef,http://rtw.ml.cmu.edu/rtw/kbbrowser/pred:chef,cheese,http://dbpedia.org/ontology/Cheese,0
135,chef,http://rtw.ml.cmu.edu/rtw/kbbrowser/pred:chef,archaea,http://dbpedia.org/ontology/Archaea,0
136,chef,http://rtw.ml.cmu.edu/rtw/kbbrowser/pred:chef,chef,http://dbpedia.org/ontology/Chef,1
137,chef,http://rtw.ml.cmu.edu/rtw/kbbrowser/pred:chef,writer,http://dbpedia.org/ontology/Writer,0
138,chemical,http://rtw.ml.cmu.edu/rtw/kbbrowser/pred:chemical,drug,http://dbpedia.org/ontology/Drug,0
139,chemical,http://rtw.ml.cmu.edu/rtw/kbbrowser/pred:chemical,chemicalsubstance,http://dbpedia.org/ontology/ChemicalSubstance,1
140,chemical,http://rtw.ml.cmu.edu/rtw/kbbrowser/pred:chemical,criminal,http://dbpedia.org/ontology/Criminal,0
141,city,http://rtw.ml.cmu.edu/rtw/kbbrowser/pred:city,bridge,http://dbpedia.org/ontology/Bridge,0
142,city,http://rtw.ml.cmu.edu/rtw/kbbrowser/pred:city,stadium,http://dbpedia.org/ontology/Stadium,0
143,city,http://rtw.ml.cmu.edu/rtw/kbbrowser/pred:city,country,http://dbpedia.org/ontology/Country,0
144,city,http://rtw.ml.cmu.edu/rtw/kbbrowser/pred:city,city,http://dbpedia.org/ontology/City,1
145,city,http://rtw.ml.cmu.edu/rtw/kbbrowser/pred:city,activity,http://dbpedia.org/ontology/Activity,0
146,city,http://rtw.ml.cmu.edu/rtw/kbbrowser/pred:city,celebrity,http://dbpedia.org/ontology/Celebrity,0
147,coach,http://rtw.ml.cmu.edu/rtw/kbbrowser/pred:coach,beach,http://dbpedia.org/ontology/Beach,0
148,coach,http://rtw.ml.cmu.edu/rtw/kbbrowser/pred:coach,monarch,http://dbpedia.org/ontology/Monarch,0
149,coach,http://rtw.ml.cmu.edu/rtw/kbbrowser/pred:coach,athlete,http://dbpedia.org/ontology/Athlete,0
150,coach,http://rtw.ml.cmu.edu/rtw/kbbrowser/pred:coach,coach,http://dbpedia.org/ontology/Coach,1
151,coach,http://rtw.ml.cmu.edu/rtw/kbbrowser/pred:coach,company,http://dbpedia.org/ontology/Company,0
152,color,http://rtw.ml.cmu.edu/rtw/kbbrowser/pred:color,country,http://dbpedia.org/ontology/Country,0
153,color,http://rtw.ml.cmu.edu/rtw/kbbrowser/pred:color,colour,http://dbpedia.org/ontology/Colour,1
154,color,http://rtw.ml.cmu.edu/rtw/kbbrowser/pred:color,album,http://dbpedia.org/ontology/Album,0
155,comedian,http://rtw.ml.cmu.edu/rtw/kbbrowser/pred:comedian,media,http://dbpedia.org/ontology/Media,0
156,comedian,http://rtw.ml.cmu.edu/rtw/kbbrowser/pred:comedian,convention,http://dbpedia.org/ontology/Convention,0
157,comedian,http://rtw.ml.cmu.edu/rtw/kbbrowser/pred:comedian,politician,http://dbpedia.org/ontology/Politician,0
158,comedian,http://rtw.ml.cmu.edu/rtw/kbbrowser/pred:comedian,comedian,http://dbpedia.org/ontology/Comedian,1
159,comedian,http://rtw.ml.cmu.edu/rtw/kbbrowser/pred:comedian,model,http://dbpedia.org/ontology/Model,0
160,comedian,http://rtw.ml.cmu.edu/rtw/kbbrowser/pred:comedian,company,http://dbpedia.org/ontology/Company,0
161,company,http://rtw.ml.cmu.edu/rtw/kbbrowser/pred:company,country,http://dbpedia.org/ontology/Country,0
162,company,http://rtw.ml.cmu.edu/rtw/kbbrowser/pred:company,website,http://dbpedia.org/ontology/Website,0
163,company,http://rtw.ml.cmu.edu/rtw/kbbrowser/pred:company,radiostation,http://dbpedia.org/ontology/RadioStation,0
164,company,http://rtw.ml.cmu.edu/rtw/kbbrowser/pred:company,coach,http://dbpedia.org/ontology/Coach,0
165,company,http://rtw.ml.cmu.edu/rtw/kbbrowser/pred:company,comedian,http://dbpedia.org/ontology/Comedian,0
166,company,http://rtw.ml.cmu.edu/rtw/kbbrowser/pred:company,magazine,http://dbpedia.org/ontology/Magazine,0
167,company,http://rtw.ml.cmu.edu/rtw/kbbrowser/pred:company,company,http://dbpedia.org/ontology/Company,1
168,conference,http://rtw.ml.cmu.edu/rtw/kbbrowser/pred:conference,continent,http://dbpedia.org/ontology/Continent,0
169,conference,http://rtw.ml.cmu.edu/rtw/kbbrowser/pred:conference,drug,http://dbpedia.org/ontology/Drug,0
170,conference,http://rtw.ml.cmu.edu/rtw/kbbrowser/pred:conference,academicconference,http://dbpedia.org/ontology/AcademicConference,1
171,conference,http://rtw.ml.cmu.edu/rtw/kbbrowser/pred:conference,currency,http://dbpedia.org/ontology/Currency,0
172,conference,http://rtw.ml.cmu.edu/rtw/kbbrowser/pred:conference,televisionshow,http://dbpedia.org/ontology/TelevisionShow,0
173,continent,http://rtw.ml.cmu.edu/rtw/kbbrowser/pred:continent,monument,http://dbpedia.org/ontology/Monument,0
174,continent,http://rtw.ml.cmu.edu/rtw/kbbrowser/pred:continent,continent,http://dbpedia.org/ontology/Continent,1
175,continent,http://rtw.ml.cmu.edu/rtw/kbbrowser/pred:continent,mountainrange,http://dbpedia.org/ontology/MountainRange,0
176,continent,http://rtw.ml.cmu.edu/rtw/kbbrowser/pred:continent,televisionstation,http://dbpedia.org/ontology/TelevisionStation,0
177,continent,http://rtw.ml.cmu.edu/rtw/kbbrowser/pred:continent,sportsleague,http://dbpedia.org/ontology/SportsLeague,0
178,convention,http://rtw.ml.cmu.edu/rtw/kbbrowser/pred:convention,convention,http://dbpedia.org/ontology/Convention,1
179,convention,http://rtw.ml.cmu.edu/rtw/kbbrowser/pred:convention,filmfestival,http://dbpedia.org/ontology/FilmFestival,0
180,convention,http://rtw.ml.cmu.edu/rtw/kbbrowser/pred:convention,election,http://dbpedia.org/ontology/Election,0
181,convention,http://rtw.ml.cmu.edu/rtw/kbbrowser/pred:convention,comedian,http://dbpedia.org/ontology/Comedian,0
182,convention,http://rtw.ml.cmu.edu/rtw/kbbrowser/pred:convention,company,http://dbpedia.org/ontology/Company,0
183,country,http://rtw.ml.cmu.edu/rtw/kbbrowser/pred:country,airport,http://dbpedia.org/ontology/Airport,0
184,country,http://rtw.ml.cmu.edu/rtw/kbbrowser/pred:country,country,http://dbpedia.org/ontology/Country,1
185,country,http://rtw.ml.cmu.edu/rtw/kbbrowser/pred:country,city,http://dbpedia.org/ontology/City,0
186,country,http://rtw.ml.cmu.edu/rtw/kbbrowser/pred:country,mountain,http://dbpedia.org/ontology/Mountain,0
187,country,http://rtw.ml.cmu.edu/rtw/kbbrowser/pred:country,politicalparty,http://dbpedia.org/ontology/PoliticalParty,0
188,country,http://rtw.ml.cmu.edu/rtw/kbbrowser/pred:country,colour,http://dbpedia.org/ontology/Colour,0
189,country,http://rtw.ml.cmu.edu/rtw/kbbrowser/pred:country,broadcastnetwork,http://dbpedia.org/ontology/BroadcastNetwork,0
190,country,http://rtw.ml.cmu.edu/rtw/kbbrowser/pred:country,winery,http://dbpedia.org/ontology/Winery,0
191,country,http://rtw.ml.cmu.edu/rtw/kbbrowser/pred:country,company,http://dbpedia.org/ontology/Company,0
192,county,http://rtw.ml.cmu.edu/rtw/kbbrowser/pred:county,country,http://dbpedia.org/ontology/Country,0
193,county,http://rtw.ml.cmu.edu/rtw/kbbrowser/pred:county,city,http://dbpedia.org/ontology/City,0
194,county,http://rtw.ml.cmu.edu/rtw/kbbrowser/pred:county,mountain,http://dbpedia.org/ontology/Mountain,0
195,county,http://rtw.ml.cmu.edu/rtw/kbbrowser/pred:county,river,http://dbpedia.org/ontology/River,0
196,county,http://rtw.ml.cmu.edu/rtw/kbbrowser/pred:county,lake,http://dbpedia.org/ontology/Lake,0
197,county,http://rtw.ml.cmu.edu/rtw/kbbrowser/pred:county,company,http://dbpedia.org/ontology/Company,0
198,criminal,http://rtw.ml.cmu.edu/rtw/kbbrowser/pred:criminal,judge,http://dbpedia.org/ontology/Judge,0
199,criminal,http://rtw.ml.cmu.edu/rtw/kbbrowser/pred:criminal,criminal,http://dbpedia.org/ontology/Criminal,1
200,crustacean,http://rtw.ml.cmu.edu/rtw/kbbrowser/pred:crustacean,restaurant,http://dbpedia.org/ontology/Restaurant,0
201,crustacean,http://rtw.ml.cmu.edu/rtw/kbbrowser/pred:crustacean,fish,http://dbpedia.org/ontology/Fish,0
202,crustacean,http://rtw.ml.cmu.edu/rtw/kbbrowser/pred:crustacean,crustacean,http://dbpedia.org/ontology/Crustacean,1
203,currency,http://rtw.ml.cmu.edu/rtw/kbbrowser/pred:currency,currency,http://dbpedia.org/ontology/Currency,1
204,director,http://rtw.ml.cmu.edu/rtw/kbbrowser/pred:director,actor,http://dbpedia.org/ontology/Actor,0
205,director,http://rtw.ml.cmu.edu/rtw/kbbrowser/pred:director,coach,http://dbpedia.org/ontology/Coach,0
206,director,http://rtw.ml.cmu.edu/rtw/kbbrowser/pred:director,moviedirector,http://dbpedia.org/ontology/MovieDirector,1
207,director,http://rtw.ml.cmu.edu/rtw/kbbrowser/pred:director,comedian,http://dbpedia.org/ontology/Comedian,0
208,disease,http://rtw.ml.cmu.edu/rtw/kbbrowser/pred:disease,state,http://dbpedia.org/ontology/State,0
209,disease,http://rtw.ml.cmu.edu/rtw/kbbrowser/pred:disease,island,http://dbpedia.org/ontology/Island,0
210,disease,http://rtw.ml.cmu.edu/rtw/kbbrowser/pred:disease,cheese,http://dbpedia.org/ontology/Cheese,0
211,disease,http://rtw.ml.cmu.edu/rtw/kbbrowser/pred:disease,videogame,http://dbpedia.org/ontology/VideoGame,0
212,disease,http://rtw.ml.cmu.edu/rtw/kbbrowser/pred:disease,disease,http://dbpedia.org/ontology/Disease,1
213,disease,http://rtw.ml.cmu.edu/rtw/kbbrowser/pred:disease,company,http://dbpedia.org/ontology/Company,0
214,drug,http://rtw.ml.cmu.edu/rtw/kbbrowser/pred:drug,drug,http://dbpedia.org/ontology/Drug,1
215,drug,http://rtw.ml.cmu.edu/rtw/kbbrowser/pred:drug,chemicalsubstance,http://dbpedia.org/ontology/ChemicalSubstance,0
216,earthquakeevent,http://rtw.ml.cmu.edu/rtw/kbbrowser/pred:earthquakeevent,earthquake,http://dbpedia.org/ontology/Earthquake,1
217,election,http://rtw.ml.cmu.edu/rtw/kbbrowser/pred:election,televisionstation,http://dbpedia.org/ontology/TelevisionStation,0
218,election,http://rtw.ml.cmu.edu/rtw/kbbrowser/pred:election,convention,http://dbpedia.org/ontology/Convention,0
219,election,http://rtw.ml.cmu.edu/rtw/kbbrowser/pred:election,election,http://dbpedia.org/ontology/Election,1
220,election,http://rtw.ml.cmu.edu/rtw/kbbrowser/pred:election,televisionshow,http://dbpedia.org/ontology/TelevisionShow,0
221,election,http://rtw.ml.cmu.edu/rtw/kbbrowser/pred:election,programminglanguage,http://dbpedia.org/ontology/ProgrammingLanguage,0
222,election,http://rtw.ml.cmu.edu/rtw/kbbrowser/pred:election,celebrity,http://dbpedia.org/ontology/Celebrity,0
223,election,http://rtw.ml.cmu.edu/rtw/kbbrowser/pred:election,tradeunion,http://dbpedia.org/ontology/TradeUnion,0
224,election,http://rtw.ml.cmu.edu/rtw/kbbrowser/pred:election,company,http://dbpedia.org/ontology/Company,0
225,ethnicgroup,http://rtw.ml.cmu.edu/rtw/kbbrowser/pred:ethnicgroup,language,http://dbpedia.org/ontology/Language,0
226,ethnicgroup,http://rtw.ml.cmu.edu/rtw/kbbrowser/pred:ethnicgroup,ethnicgroup,http://dbpedia.org/ontology/EthnicGroup,1
227,filmfestival,http://rtw.ml.cmu.edu/rtw/kbbrowser/pred:filmfestival,musicfestival,http://dbpedia.org/ontology/MusicFestival,0
228,filmfestival,http://rtw.ml.cmu.edu/rtw/kbbrowser/pred:filmfestival,convention,http://dbpedia.org/ontology/Convention,0
229,filmfestival,http://rtw.ml.cmu.edu/rtw/kbbrowser/pred:filmfestival,filmfestival,http://dbpedia.org/ontology/FilmFestival,1
230,filmfestival,http://rtw.ml.cmu.edu/rtw/kbbrowser/pred:filmfestival,award,http://dbpedia.org/ontology/Award,0
231,fish,http://rtw.ml.cmu.edu/rtw/kbbrowser/pred:fish,fish,http://dbpedia.org/ontology/Fish,1
232,fish,http://rtw.ml.cmu.edu/rtw/kbbrowser/pred:fish,film,http://dbpedia.org/ontology/Film,0
233,fungus,http://rtw.ml.cmu.edu/rtw/kbbrowser/pred:fungus,fungus,http://dbpedia.org/ontology/Fungus,1
234,fungus,http://rtw.ml.cmu.edu/rtw/kbbrowser/pred:fungus,artwork,http://dbpedia.org/ontology/Artwork,0
235,grandprix,http://rtw.ml.cmu.edu/rtw/kbbrowser/pred:grandprix,grandprix,http://dbpedia.org/ontology/GrandPrix,1
236,highway,http://rtw.ml.cmu.edu/rtw/kbbrowser/pred:highway,road,http://dbpedia.org/ontology/Road,1
237,hobby,http://rtw.ml.cmu.edu/rtw/kbbrowser/pred:hobby,disease,http://dbpedia.org/ontology/Disease,0
238,hobby,http://rtw.ml.cmu.edu/rtw/kbbrowser/pred:hobby,sport,http://dbpedia.org/ontology/Sport,0
239,hobby,http://rtw.ml.cmu.edu/rtw/kbbrowser/pred:hobby,athlete,http://dbpedia.org/ontology/Athlete,0
240,hospital,http://rtw.ml.cmu.edu/rtw/kbbrowser/pred:hospital,hospital,http://dbpedia.org/ontology/Hospital,1
241,hospital,http://rtw.ml.cmu.edu/rtw/kbbrowser/pred:hospital,hotel,http://dbpedia.org/ontology/Hotel,0
242,hospital,http://rtw.ml.cmu.edu/rtw/kbbrowser/pred:hospital,shoppingmall,http://dbpedia.org/ontology/ShoppingMall,0
243,hotel,http://rtw.ml.cmu.edu/rtw/kbbrowser/pred:hotel,airport,http://dbpedia.org/ontology/Airport,0
244,hotel,http://rtw.ml.cmu.edu/rtw/kbbrowser/pred:hotel,hospital,http://dbpedia.org/ontology/Hospital,0
245,hotel,http://rtw.ml.cmu.edu/rtw/kbbrowser/pred:hotel,hotel,http://dbpedia.org/ontology/Hotel,1
246,hotel,http://rtw.ml.cmu.edu/rtw/kbbrowser/pred:hotel,country,http://dbpedia.org/ontology/Country,0
247,hotel,http://rtw.ml.cmu.edu/rtw/kbbrowser/pred:hotel,protein,http://dbpedia.org/ontology/Protein,0
248,hotel,http://rtw.ml.cmu.edu/rtw/kbbrowser/pred:hotel,sportsteam,http://dbpedia.org/ontology/SportsTeam,0
249,hotel,http://rtw.ml.cmu.edu/rtw/kbbrowser/pred:hotel,model,http://dbpedia.org/ontology/Model,0
250,insect,http://rtw.ml.cmu.edu/rtw/kbbrowser/pred:insect,instrument,http://dbpedia.org/ontology/Instrument,0
251,insect,http://rtw.ml.cmu.edu/rtw/kbbrowser/pred:insect,disease,http://dbpedia.org/ontology/Disease,0
252,insect,http://rtw.ml.cmu.edu/rtw/kbbrowser/pred:insect,bird,http://dbpedia.org/ontology/Bird,0
253,insect,http://rtw.ml.cmu.edu/rtw/kbbrowser/pred:insect,insect,http://dbpedia.org/ontology/Insect,1
254,island,http://rtw.ml.cmu.edu/rtw/kbbrowser/pred:island,island,http://dbpedia.org/ontology/Island,1
255,island,http://rtw.ml.cmu.edu/rtw/kbbrowser/pred:island,radiostation,http://dbpedia.org/ontology/RadioStation,0
256,island,http://rtw.ml.cmu.edu/rtw/kbbrowser/pred:island,plant,http://dbpedia.org/ontology/Plant,0
257,island,http://rtw.ml.cmu.edu/rtw/kbbrowser/pred:island,disease,http://dbpedia.org/ontology/Disease,0
258,journalist,http://rtw.ml.cmu.edu/rtw/kbbrowser/pred:journalist,politician,http://dbpedia.org/ontology/Politician,0
259,journalist,http://rtw.ml.cmu.edu/rtw/kbbrowser/pred:journalist,journalist,http://dbpedia.org/ontology/Journalist,1
260,journalist,http://rtw.ml.cmu.edu/rtw/kbbrowser/pred:journalist,instrumentalist,http://dbpedia.org/ontology/Instrumentalist,0
261,journalist,http://rtw.ml.cmu.edu/rtw/kbbrowser/pred:journalist,astronaut,http://dbpedia.org/ontology/Astronaut,0
262,journalist,http://rtw.ml.cmu.edu/rtw/kbbrowser/pred:journalist,coach,http://dbpedia.org/ontology/Coach,0
263,judge,http://rtw.ml.cmu.edu/rtw/kbbrowser/pred:judge,bridge,http://dbpedia.org/ontology/Bridge,0
264,judge,http://rtw.ml.cmu.edu/rtw/kbbrowser/pred:judge,judge,http://dbpedia.org/ontology/Judge,1
265,lake,http://rtw.ml.cmu.edu/rtw/kbbrowser/pred:lake,river,http://dbpedia.org/ontology/River,0
266,lake,http://rtw.ml.cmu.edu/rtw/kbbrowser/pred:lake,road,http://dbpedia.org/ontology/Road,0
267,lake,http://rtw.ml.cmu.edu/rtw/kbbrowser/pred:lake,planet,http://dbpedia.org/ontology/Planet,0
268,lake,http://rtw.ml.cmu.edu/rtw/kbbrowser/pred:lake,lake,http://dbpedia.org/ontology/Lake,1
269,lake,http://rtw.ml.cmu.edu/rtw/kbbrowser/pred:lake,cave,http://dbpedia.org/ontology/Cave,0
270,lake,http://rtw.ml.cmu.edu/rtw/kbbrowser/pred:lake,race,http://dbpedia.org/ontology/Race,0
271,language,http://rtw.ml.cmu.edu/rtw/kbbrowser/pred:language,language,http://dbpedia.org/ontology/Language,1
272,language,http://rtw.ml.cmu.edu/rtw/kbbrowser/pred:language,programminglanguage,http://dbpedia.org/ontology/ProgrammingLanguage,0
273,lymphnode,http://rtw.ml.cmu.edu/rtw/kbbrowser/pred:lymphnode,lymph,http://dbpedia.org/ontology/Lymph,1
274,magazine,http://rtw.ml.cmu.edu/rtw/kbbrowser/pred:magazine,judge,http://dbpedia.org/ontology/Judge,0
275,magazine,http://rtw.ml.cmu.edu/rtw/kbbrowser/pred:magazine,magazine,http://dbpedia.org/ontology/Magazine,1
276,mammal,http://rtw.ml.cmu.edu/rtw/kbbrowser/pred:mammal,mammal,http://dbpedia.org/ontology/Mammal,1
277,mammal,http://rtw.ml.cmu.edu/rtw/kbbrowser/pred:mammal,award,http://dbpedia.org/ontology/Award,0
278,mediatype,http://rtw.ml.cmu.edu/rtw/kbbrowser/pred:mediatype,media,http://dbpedia.org/ontology/Media,1
279,mediatype,http://rtw.ml.cmu.edu/rtw/kbbrowser/pred:mediatype,mammal,http://dbpedia.org/ontology/Mammal,0
280,mediatype,http://rtw.ml.cmu.edu/rtw/kbbrowser/pred:mediatype,publisher,http://dbpedia.org/ontology/Publisher,0
281,mediatype,http://rtw.ml.cmu.edu/rtw/kbbrowser/pred:mediatype,recordlabel,http://dbpedia.org/ontology/RecordLabel,0
282,militaryconflict,http://rtw.ml.cmu.edu/rtw/kbbrowser/pred:militaryconflict,film,http://dbpedia.org/ontology/Film,0
283,militaryconflict,http://rtw.ml.cmu.edu/rtw/kbbrowser/pred:militaryconflict,militaryconflict,http://dbpedia.org/ontology/MilitaryConflict,1
284,model,http://rtw.ml.cmu.edu/rtw/kbbrowser/pred:model,hotel,http://dbpedia.org/ontology/Hotel,0
285,model,http://rtw.ml.cmu.edu/rtw/kbbrowser/pred:model,model,http://dbpedia.org/ontology/Model,1
286,mollusk,http://rtw.ml.cmu.edu/rtw/kbbrowser/pred:mollusk,fish,http://dbpedia.org/ontology/Fish,0
287,mollusk,http://rtw.ml.cmu.edu/rtw/kbbrowser/pred:mollusk,mollusca,http://dbpedia.org/ontology/Mollusca,1
288,mollusk,http://rtw.ml.cmu.edu/rtw/kbbrowser/pred:mollusk,colour,http://dbpedia.org/ontology/Colour,0
289,mollusk,http://rtw.ml.cmu.edu/rtw/kbbrowser/pred:mollusk,crustacean,http://dbpedia.org/ontology/Crustacean,0
290,monarch,http://rtw.ml.cmu.edu/rtw/kbbrowser/pred:monarch,beach,http://dbpedia.org/ontology/Beach,0
291,monarch,http://rtw.ml.cmu.edu/rtw/kbbrowser/pred:monarch,mammal,http://dbpedia.org/ontology/Mammal,0
292,monarch,http://rtw.ml.cmu.edu/rtw/kbbrowser/pred:monarch,award,http://dbpedia.org/ontology/Award,0
293,monarch,http://rtw.ml.cmu.edu/rtw/kbbrowser/pred:monarch,monarch,http://dbpedia.org/ontology/Monarch,1
294,monarch,http://rtw.ml.cmu.edu/rtw/kbbrowser/pred:monarch,coach,http://dbpedia.org/ontology/Coach,0
295,monarch,http://rtw.ml.cmu.edu/rtw/kbbrowser/pred:monarch,company,http://dbpedia.org/ontology/Company,0
296,monument,http://rtw.ml.cmu.edu/rtw/kbbrowser/pred:monument,museum,http://dbpedia.org/ontology/Museum,0
297,monument,http://rtw.ml.cmu.edu/rtw/kbbrowser/pred:monument,monument,http://dbpedia.org/ontology/Monument,1
298,monument,http://rtw.ml.cmu.edu/rtw/kbbrowser/pred:monument,continent,http://dbpedia.org/ontology/Continent,0
299,monument,http://rtw.ml.cmu.edu/rtw/kbbrowser/pred:monument,instrument,http://dbpedia.org/ontology/Instrument,0
300,monument,http://rtw.ml.cmu.edu/rtw/kbbrowser/pred:monument,musicalartist,http://dbpedia.org/ontology/MusicalArtist,0
301,mountain,http://rtw.ml.cmu.edu/rtw/kbbrowser/pred:mountain,country,http://dbpedia.org/ontology/Country,0
302,mountain,http://rtw.ml.cmu.edu/rtw/kbbrowser/pred:mountain,mountain,http://dbpedia.org/ontology/Mountain,1
303,mountain,http://rtw.ml.cmu.edu/rtw/kbbrowser/pred:mountain,mountainrange,http://dbpedia.org/ontology/MountainRange,0
304,mountain,http://rtw.ml.cmu.edu/rtw/kbbrowser/pred:mountain,televisionshow,http://dbpedia.org/ontology/TelevisionShow,0
305,mountainrange,http://rtw.ml.cmu.edu/rtw/kbbrowser/pred:mountainrange,continent,http://dbpedia.org/ontology/Continent,0
306,mountainrange,http://rtw.ml.cmu.edu/rtw/kbbrowser/pred:mountainrange,mountain,http://dbpedia.org/ontology/Mountain,0
307,mountainrange,http://rtw.ml.cmu.edu/rtw/kbbrowser/pred:mountainrange,mountainrange,http://dbpedia.org/ontology/MountainRange,1
308,movie,http://rtw.ml.cmu.edu/rtw/kbbrowser/pred:movie,province,http://dbpedia.org/ontology/Province,0
309,movie,http://rtw.ml.cmu.edu/rtw/kbbrowser/pred:movie,videogame,http://dbpedia.org/ontology/VideoGame,0
310,movie,http://rtw.ml.cmu.edu/rtw/kbbrowser/pred:movie,activity,http://dbpedia.org/ontology/Activity,0
311,movie,http://rtw.ml.cmu.edu/rtw/kbbrowser/pred:movie,book,http://dbpedia.org/ontology/Book,0
312,muscle,http://rtw.ml.cmu.edu/rtw/kbbrowser/pred:muscle,museum,http://dbpedia.org/ontology/Museum,0
313,muscle,http://rtw.ml.cmu.edu/rtw/kbbrowser/pred:muscle,muscle,http://dbpedia.org/ontology/Muscle,1
314,muscle,http://rtw.ml.cmu.edu/rtw/kbbrowser/pred:muscle,musicgenre,http://dbpedia.org/ontology/MusicGenre,0
315,museum,http://rtw.ml.cmu.edu/rtw/kbbrowser/pred:museum,university,http://dbpedia.org/ontology/University,0
316,museum,http://rtw.ml.cmu.edu/rtw/kbbrowser/pred:museum,museum,http://dbpedia.org/ontology/Museum,1
317,museum,http://rtw.ml.cmu.edu/rtw/kbbrowser/pred:museum,muscle,http://dbpedia.org/ontology/Muscle,0
318,musicalbum,http://rtw.ml.cmu.edu/rtw/kbbrowser/pred:musicalbum,museum,http://dbpedia.org/ontology/Museum,0
319,musicalbum,http://rtw.ml.cmu.edu/rtw/kbbrowser/pred:musicalbum,skiarea,http://dbpedia.org/ontology/SkiArea,0
320,musicalbum,http://rtw.ml.cmu.edu/rtw/kbbrowser/pred:musicalbum,muscle,http://dbpedia.org/ontology/Muscle,0
321,musicalbum,http://rtw.ml.cmu.edu/rtw/kbbrowser/pred:musicalbum,album,http://dbpedia.org/ontology/Album,1
322,musicalbum,http://rtw.ml.cmu.edu/rtw/kbbrowser/pred:musicalbum,televisionshow,http://dbpedia.org/ontology/TelevisionShow,0
323,musicalbum,http://rtw.ml.cmu.edu/rtw/kbbrowser/pred:musicalbum,musicgenre,http://dbpedia.org/ontology/MusicGenre,0
324,musicalbum,http://rtw.ml.cmu.edu/rtw/kbbrowser/pred:musicalbum,musicalartist,http://dbpedia.org/ontology/MusicalArtist,0
325,musicartist,http://rtw.ml.cmu.edu/rtw/kbbrowser/pred:musicartist,musicfestival,http://dbpedia.org/ontology/MusicFestival,0
326,musicartist,http://rtw.ml.cmu.edu/rtw/kbbrowser/pred:musicartist,colour,http://dbpedia.org/ontology/Colour,0
327,musicartist,http://rtw.ml.cmu.edu/rtw/kbbrowser/pred:musicartist,artwork,http://dbpedia.org/ontology/Artwork,0
328,musicartist,http://rtw.ml.cmu.edu/rtw/kbbrowser/pred:musicartist,musicgenre,http://dbpedia.org/ontology/MusicGenre,0
329,musicartist,http://rtw.ml.cmu.edu/rtw/kbbrowser/pred:musicartist,scientist,http://dbpedia.org/ontology/Scientist,0
330,musicartist,http://rtw.ml.cmu.edu/rtw/kbbrowser/pred:musicartist,musicalartist,http://dbpedia.org/ontology/MusicalArtist,1
331,musicfestival,http://rtw.ml.cmu.edu/rtw/kbbrowser/pred:musicfestival,musicfestival,http://dbpedia.org/ontology/MusicFestival,1
332,musicfestival,http://rtw.ml.cmu.edu/rtw/kbbrowser/pred:musicfestival,convention,http://dbpedia.org/ontology/Convention,0
333,musicfestival,http://rtw.ml.cmu.edu/rtw/kbbrowser/pred:musicfestival,filmfestival,http://dbpedia.org/ontology/FilmFestival,0
334,musicfestival,http://rtw.ml.cmu.edu/rtw/kbbrowser/pred:musicfestival,musicgenre,http://dbpedia.org/ontology/MusicGenre,0
335,musicfestival,http://rtw.ml.cmu.edu/rtw/kbbrowser/pred:musicfestival,musicalartist,http://dbpedia.org/ontology/MusicalArtist,0
336,musicgenre,http://rtw.ml.cmu.edu/rtw/kbbrowser/pred:musicgenre,muscle,http://dbpedia.org/ontology/Muscle,0
337,musicgenre,http://rtw.ml.cmu.edu/rtw/kbbrowser/pred:musicgenre,musicfestival,http://dbpedia.org/ontology/MusicFestival,0
338,musicgenre,http://rtw.ml.cmu.edu/rtw/kbbrowser/pred:musicgenre,award,http://dbpedia.org/ontology/Award,0
339,musicgenre,http://rtw.ml.cmu.edu/rtw/kbbrowser/pred:musicgenre,book,http://dbpedia.org/ontology/Book,0
340,musicgenre,http://rtw.ml.cmu.edu/rtw/kbbrowser/pred:musicgenre,musicgenre,http://dbpedia.org/ontology/MusicGenre,1
341,musicgenre,http://rtw.ml.cmu.edu/rtw/kbbrowser/pred:musicgenre,musicalartist,http://dbpedia.org/ontology/MusicalArtist,0
342,musicinstrument,http://rtw.ml.cmu.edu/rtw/kbbrowser/pred:musicinstrument,monument,http://dbpedia.org/ontology/Monument,0
343,musicinstrument,http://rtw.ml.cmu.edu/rtw/kbbrowser/pred:musicinstrument,instrument,http://dbpedia.org/ontology/Instrument,1
344,musicinstrument,http://rtw.ml.cmu.edu/rtw/kbbrowser/pred:musicinstrument,musicfestival,http://dbpedia.org/ontology/MusicFestival,0
345,musicinstrument,http://rtw.ml.cmu.edu/rtw/kbbrowser/pred:musicinstrument,protein,http://dbpedia.org/ontology/Protein,0
346,musicinstrument,http://rtw.ml.cmu.edu/rtw/kbbrowser/pred:musicinstrument,election,http://dbpedia.org/ontology/Election,0
347,musicinstrument,http://rtw.ml.cmu.edu/rtw/kbbrowser/pred:musicinstrument,musicgenre,http://dbpedia.org/ontology/MusicGenre,0
348,musicinstrument,http://rtw.ml.cmu.edu/rtw/kbbrowser/pred:musicinstrument,musicalartist,http://dbpedia.org/ontology/MusicalArtist,0
349,musicsong,http://rtw.ml.cmu.edu/rtw/kbbrowser/pred:musicsong,muscle,http://dbpedia.org/ontology/Muscle,0
350,musicsong,http://rtw.ml.cmu.edu/rtw/kbbrowser/pred:musicsong,musicfestival,http://dbpedia.org/ontology/MusicFestival,0
351,musicsong,http://rtw.ml.cmu.edu/rtw/kbbrowser/pred:musicsong,book,http://dbpedia.org/ontology/Book,0
352,musicsong,http://rtw.ml.cmu.edu/rtw/kbbrowser/pred:musicsong,film,http://dbpedia.org/ontology/Film,0
353,musicsong,http://rtw.ml.cmu.edu/rtw/kbbrowser/pred:musicsong,song,http://dbpedia.org/ontology/Song,1
354,musicsong,http://rtw.ml.cmu.edu/rtw/kbbrowser/pred:musicsong,musicgenre,http://dbpedia.org/ontology/MusicGenre,0
355,newspaper,http://rtw.ml.cmu.edu/rtw/kbbrowser/pred:newspaper,skyscraper,http://dbpedia.org/ontology/Skyscraper,0
356,newspaper,http://rtw.ml.cmu.edu/rtw/kbbrowser/pred:newspaper,magazine,http://dbpedia.org/ontology/Magazine,0
357,newspaper,http://rtw.ml.cmu.edu/rtw/kbbrowser/pred:newspaper,newspaper,http://dbpedia.org/ontology/Newspaper,1
358,nonprofitorganization,http://rtw.ml.cmu.edu/rtw/kbbrowser/pred:nonprofitorganization,non-profitorganisation,http://dbpedia.org/ontology/Non-ProfitOrganisation,1
359,olympics,http://rtw.ml.cmu.edu/rtw/kbbrowser/pred:olympics,lymph,http://dbpedia.org/ontology/Lymph,0
360,olympics,http://rtw.ml.cmu.edu/rtw/kbbrowser/pred:olympics,olympics,http://dbpedia.org/ontology/Olympics,1
361,park,http://rtw.ml.cmu.edu/rtw/kbbrowser/pred:park,park,http://dbpedia.org/ontology/Park,1
362,park,http://rtw.ml.cmu.edu/rtw/kbbrowser/pred:park,museum,http://dbpedia.org/ontology/Museum,0
363,park,http://rtw.ml.cmu.edu/rtw/kbbrowser/pred:park,port,http://dbpedia.org/ontology/Port,0
364,park,http://rtw.ml.cmu.edu/rtw/kbbrowser/pred:park,park,http://dbpedia.org/ontology/Park,1
365,park,http://rtw.ml.cmu.edu/rtw/kbbrowser/pred:park,bank,http://dbpedia.org/ontology/Bank,0
366,placeofworship,http://rtw.ml.cmu.edu/rtw/kbbrowser/pred:placeofworship,religiousbuilding,http://dbpedia.org/ontology/ReligiousBuilding,1
367,placeofworship,http://rtw.ml.cmu.edu/rtw/kbbrowser/pred:placeofworship,park,http://dbpedia.org/ontology/Park,0
368,placeofworship,http://rtw.ml.cmu.edu/rtw/kbbrowser/pred:placeofworship,stadium,http://dbpedia.org/ontology/Stadium,0
369,placeofworship,http://rtw.ml.cmu.edu/rtw/kbbrowser/pred:placeofworship,park,http://dbpedia.org/ontology/Park,0
370,planet,http://rtw.ml.cmu.edu/rtw/kbbrowser/pred:planet,museum,http://dbpedia.org/ontology/Museum,0
371,planet,http://rtw.ml.cmu.edu/rtw/kbbrowser/pred:planet,planet,http://dbpedia.org/ontology/Planet,1
372,planet,http://rtw.ml.cmu.edu/rtw/kbbrowser/pred:planet,lake,http://dbpedia.org/ontology/Lake,0
373,planet,http://rtw.ml.cmu.edu/rtw/kbbrowser/pred:planet,plant,http://dbpedia.org/ontology/Plant,0
374,planet,http://rtw.ml.cmu.edu/rtw/kbbrowser/pred:planet,book,http://dbpedia.org/ontology/Book,0
375,plant,http://rtw.ml.cmu.edu/rtw/kbbrowser/pred:plant,island,http://dbpedia.org/ontology/Island,0
376,plant,http://rtw.ml.cmu.edu/rtw/kbbrowser/pred:plant,planet,http://dbpedia.org/ontology/Planet,0
377,plant,http://rtw.ml.cmu.edu/rtw/kbbrowser/pred:plant,plant,http://dbpedia.org/ontology/Plant,1
378,politicalparty,http://rtw.ml.cmu.edu/rtw/kbbrowser/pred:politicalparty,televisionstation,http://dbpedia.org/ontology/TelevisionStation,0
379,politicalparty,http://rtw.ml.cmu.edu/rtw/kbbrowser/pred:politicalparty,politicalparty,http://dbpedia.org/ontology/PoliticalParty,1
380,politicalparty,http://rtw.ml.cmu.edu/rtw/kbbrowser/pred:politicalparty,politicalconcepts,http://dbpedia.org/ontology/PoliticalConcepts,0
381,politicalparty,http://rtw.ml.cmu.edu/rtw/kbbrowser/pred:politicalparty,politician,http://dbpedia.org/ontology/Politician,0
382,politician,http://rtw.ml.cmu.edu/rtw/kbbrowser/pred:politician,politicalparty,http://dbpedia.org/ontology/PoliticalParty,0
383,politician,http://rtw.ml.cmu.edu/rtw/kbbrowser/pred:politician,politicalconcepts,http://dbpedia.org/ontology/PoliticalConcepts,0
384,politician,http://rtw.ml.cmu.edu/rtw/kbbrowser/pred:politician,politician,http://dbpedia.org/ontology/Politician,1
385,politician,http://rtw.ml.cmu.edu/rtw/kbbrowser/pred:politician,judge,http://dbpedia.org/ontology/Judge,0
386,politician,http://rtw.ml.cmu.edu/rtw/kbbrowser/pred:politician,architect,http://dbpedia.org/ontology/Architect,0
387,port,http://rtw.ml.cmu.edu/rtw/kbbrowser/pred:port,airport,http://dbpedia.org/ontology/Airport,0
388,port,http://rtw.ml.cmu.edu/rtw/kbbrowser/pred:port,park,http://dbpedia.org/ontology/Park,0
389,port,http://rtw.ml.cmu.edu/rtw/kbbrowser/pred:port,university,http://dbpedia.org/ontology/University,0
390,port,http://rtw.ml.cmu.edu/rtw/kbbrowser/pred:port,port,http://dbpedia.org/ontology/Port,1
391,port,http://rtw.ml.cmu.edu/rtw/kbbrowser/pred:port,park,http://dbpedia.org/ontology/Park,0
392,port,http://rtw.ml.cmu.edu/rtw/kbbrowser/pred:port,poem,http://dbpedia.org/ontology/Poem,0
393,port,http://rtw.ml.cmu.edu/rtw/kbbrowser/pred:port,sport,http://dbpedia.org/ontology/Sport,0
394,profession,http://rtw.ml.cmu.edu/rtw/kbbrowser/pred:profession,protein,http://dbpedia.org/ontology/Protein,0
395,profession,http://rtw.ml.cmu.edu/rtw/kbbrowser/pred:profession,award,http://dbpedia.org/ontology/Award,0
396,profession,http://rtw.ml.cmu.edu/rtw/kbbrowser/pred:profession,profession,http://dbpedia.org/ontology/Profession,1
397,profession,http://rtw.ml.cmu.edu/rtw/kbbrowser/pred:profession,book,http://dbpedia.org/ontology/Book,0
398,profession,http://rtw.ml.cmu.edu/rtw/kbbrowser/pred:profession,televisionshow,http://dbpedia.org/ontology/TelevisionShow,0
399,profession,http://rtw.ml.cmu.edu/rtw/kbbrowser/pred:profession,professor,http://dbpedia.org/ontology/Professor,0
400,profession,http://rtw.ml.cmu.edu/rtw/kbbrowser/pred:profession,tradeunion,http://dbpedia.org/ontology/TradeUnion,0
401,professor,http://rtw.ml.cmu.edu/rtw/kbbrowser/pred:professor,protein,http://dbpedia.org/ontology/Protein,0
402,professor,http://rtw.ml.cmu.edu/rtw/kbbrowser/pred:professor,profession,http://dbpedia.org/ontology/Profession,0
403,professor,http://rtw.ml.cmu.edu/rtw/kbbrowser/pred:professor,judge,http://dbpedia.org/ontology/Judge,0
404,professor,http://rtw.ml.cmu.edu/rtw/kbbrowser/pred:professor,criminal,http://dbpedia.org/ontology/Criminal,0
405,professor,http://rtw.ml.cmu.edu/rtw/kbbrowser/pred:professor,professor,http://dbpedia.org/ontology/Professor,1
406,professor,http://rtw.ml.cmu.edu/rtw/kbbrowser/pred:professor,writer,http://dbpedia.org/ontology/Writer,0
407,programminglanguage,http://rtw.ml.cmu.edu/rtw/kbbrowser/pred:programminglanguage,language,http://dbpedia.org/ontology/Language,0
408,programminglanguage,http://rtw.ml.cmu.edu/rtw/kbbrowser/pred:programminglanguage,programminglanguage,http://dbpedia.org/ontology/ProgrammingLanguage,1
409,programminglanguage,http://rtw.ml.cmu.edu/rtw/kbbrowser/pred:programminglanguage,bank,http://dbpedia.org/ontology/Bank,0
410,protein,http://rtw.ml.cmu.edu/rtw/kbbrowser/pred:protein,hotel,http://dbpedia.org/ontology/Hotel,0
411,protein,http://rtw.ml.cmu.edu/rtw/kbbrowser/pred:protein,province,http://dbpedia.org/ontology/Province,0
412,protein,http://rtw.ml.cmu.edu/rtw/kbbrowser/pred:protein,vein,http://dbpedia.org/ontology/Vein,0
413,protein,http://rtw.ml.cmu.edu/rtw/kbbrowser/pred:protein,artery,http://dbpedia.org/ontology/Artery,0
414,protein,http://rtw.ml.cmu.edu/rtw/kbbrowser/pred:protein,brain,http://dbpedia.org/ontology/Brain,0
415,protein,http://rtw.ml.cmu.edu/rtw/kbbrowser/pred:protein,drug,http://dbpedia.org/ontology/Drug,0
416,protein,http://rtw.ml.cmu.edu/rtw/kbbrowser/pred:protein,protein,http://dbpedia.org/ontology/Protein,1
417,protein,http://rtw.ml.cmu.edu/rtw/kbbrowser/pred:protein,disease,http://dbpedia.org/ontology/Disease,0
418,protein,http://rtw.ml.cmu.edu/rtw/kbbrowser/pred:protein,profession,http://dbpedia.org/ontology/Profession,0
419,protein,http://rtw.ml.cmu.edu/rtw/kbbrowser/pred:protein,poem,http://dbpedia.org/ontology/Poem,0
420,protein,http://rtw.ml.cmu.edu/rtw/kbbrowser/pred:protein,professor,http://dbpedia.org/ontology/Professor,0
421,protein,http://rtw.ml.cmu.edu/rtw/kbbrowser/pred:protein,writer,http://dbpedia.org/ontology/Writer,0
422,publication,http://rtw.ml.cmu.edu/rtw/kbbrowser/pred:publication,railwaystation,http://dbpedia.org/ontology/RailwayStation,0
423,publication,http://rtw.ml.cmu.edu/rtw/kbbrowser/pred:publication,website,http://dbpedia.org/ontology/Website,0
424,publication,http://rtw.ml.cmu.edu/rtw/kbbrowser/pred:publication,radiostation,http://dbpedia.org/ontology/RadioStation,0
425,publication,http://rtw.ml.cmu.edu/rtw/kbbrowser/pred:publication,election,http://dbpedia.org/ontology/Election,0
426,publication,http://rtw.ml.cmu.edu/rtw/kbbrowser/pred:publication,politician,http://dbpedia.org/ontology/Politician,0
427,publication,http://rtw.ml.cmu.edu/rtw/kbbrowser/pred:publication,publisher,http://dbpedia.org/ontology/Publisher,0
428,publication,http://rtw.ml.cmu.edu/rtw/kbbrowser/pred:publication,magazine,http://dbpedia.org/ontology/Magazine,0
429,publication,http://rtw.ml.cmu.edu/rtw/kbbrowser/pred:publication,newspaper,http://dbpedia.org/ontology/Newspaper,0
430,race,http://rtw.ml.cmu.edu/rtw/kbbrowser/pred:race,lake,http://dbpedia.org/ontology/Lake,0
431,race,http://rtw.ml.cmu.edu/rtw/kbbrowser/pred:race,cave,http://dbpedia.org/ontology/Cave,0
432,race,http://rtw.ml.cmu.edu/rtw/kbbrowser/pred:race,race,http://dbpedia.org/ontology/Race,1
433,radiostation,http://rtw.ml.cmu.edu/rtw/kbbrowser/pred:radiostation,railwaystation,http://dbpedia.org/ontology/RailwayStation,0
434,radiostation,http://rtw.ml.cmu.edu/rtw/kbbrowser/pred:radiostation,district,http://dbpedia.org/ontology/District,0
435,radiostation,http://rtw.ml.cmu.edu/rtw/kbbrowser/pred:radiostation,radiostation,http://dbpedia.org/ontology/RadioStation,1
436,radiostation,http://rtw.ml.cmu.edu/rtw/kbbrowser/pred:radiostation,televisionstation,http://dbpedia.org/ontology/TelevisionStation,0
437,radiostation,http://rtw.ml.cmu.edu/rtw/kbbrowser/pred:radiostation,broadcastnetwork,http://dbpedia.org/ontology/BroadcastNetwork,0
438,radiostation,http://rtw.ml.cmu.edu/rtw/kbbrowser/pred:radiostation,tradeunion,http://dbpedia.org/ontology/TradeUnion,0
439,recordlabel,http://rtw.ml.cmu.edu/rtw/kbbrowser/pred:recordlabel,film,http://dbpedia.org/ontology/Film,0
440,recordlabel,http://rtw.ml.cmu.edu/rtw/kbbrowser/pred:recordlabel,cardgame,http://dbpedia.org/ontology/CardGame,0
441,recordlabel,http://rtw.ml.cmu.edu/rtw/kbbrowser/pred:recordlabel,recordlabel,http://dbpedia.org/ontology/RecordLabel,1
442,recordlabel,http://rtw.ml.cmu.edu/rtw/kbbrowser/pred:recordlabel,company,http://dbpedia.org/ontology/Company,0
443,religion,http://rtw.ml.cmu.edu/rtw/kbbrowser/pred:religion,religiousbuilding,http://dbpedia.org/ontology/ReligiousBuilding,0
444,religion,http://rtw.ml.cmu.edu/rtw/kbbrowser/pred:religion,radiostation,http://dbpedia.org/ontology/RadioStation,0
445,religion,http://rtw.ml.cmu.edu/rtw/kbbrowser/pred:religion,election,http://dbpedia.org/ontology/Election,0
446,religion,http://rtw.ml.cmu.edu/rtw/kbbrowser/pred:religion,religious,http://dbpedia.org/ontology/Religious,1
447,religion,http://rtw.ml.cmu.edu/rtw/kbbrowser/pred:religion,televisionshow,http://dbpedia.org/ontology/TelevisionShow,0
448,religion,http://rtw.ml.cmu.edu/rtw/kbbrowser/pred:religion,ethnicgroup,http://dbpedia.org/ontology/EthnicGroup,0
449,reptile,http://rtw.ml.cmu.edu/rtw/kbbrowser/pred:reptile,website,http://dbpedia.org/ontology/Website,0
450,reptile,http://rtw.ml.cmu.edu/rtw/kbbrowser/pred:reptile,reptile,http://dbpedia.org/ontology/Reptile,1
451,researchproject,http://rtw.ml.cmu.edu/rtw/kbbrowser/pred:researchproject,architect,http://dbpedia.org/ontology/Architect,0
452,researchproject,http://rtw.ml.cmu.edu/rtw/kbbrowser/pred:researchproject,researchproject,http://dbpedia.org/ontology/ResearchProject,1
453,restaurant,http://rtw.ml.cmu.edu/rtw/kbbrowser/pred:restaurant,religiousbuilding,http://dbpedia.org/ontology/ReligiousBuilding,0
454,restaurant,http://rtw.ml.cmu.edu/rtw/kbbrowser/pred:restaurant,restaurant,http://dbpedia.org/ontology/Restaurant,1
455,restaurant,http://rtw.ml.cmu.edu/rtw/kbbrowser/pred:restaurant,lake,http://dbpedia.org/ontology/Lake,0
456,restaurant,http://rtw.ml.cmu.edu/rtw/kbbrowser/pred:restaurant,instrument,http://dbpedia.org/ontology/Instrument,0
457,restaurant,http://rtw.ml.cmu.edu/rtw/kbbrowser/pred:restaurant,crustacean,http://dbpedia.org/ontology/Crustacean,0
458,river,http://rtw.ml.cmu.edu/rtw/kbbrowser/pred:river,city,http://dbpedia.org/ontology/City,0
459,river,http://rtw.ml.cmu.edu/rtw/kbbrowser/pred:river,river,http://dbpedia.org/ontology/River,1
460,river,http://rtw.ml.cmu.edu/rtw/kbbrowser/pred:river,lake,http://dbpedia.org/ontology/Lake,0
461,river,http://rtw.ml.cmu.edu/rtw/kbbrowser/pred:river,winery,http://dbpedia.org/ontology/Winery,0
462,river,http://rtw.ml.cmu.edu/rtw/kbbrowser/pred:river,writer,http://dbpedia.org/ontology/Writer,0
463,scientist,http://rtw.ml.cmu.edu/rtw/kbbrowser/pred:scientist,city,http://dbpedia.org/ontology/City,0
464,scientist,http://rtw.ml.cmu.edu/rtw/kbbrowser/pred:scientist,instrumentalist,http://dbpedia.org/ontology/Instrumentalist,0
465,scientist,http://rtw.ml.cmu.edu/rtw/kbbrowser/pred:scientist,scientist,http://dbpedia.org/ontology/Scientist,1
466,scientist,http://rtw.ml.cmu.edu/rtw/kbbrowser/pred:scientist,musicalartist,http://dbpedia.org/ontology/MusicalArtist,0
467,shoppingmall,http://rtw.ml.cmu.edu/rtw/kbbrowser/pred:shoppingmall,hospital,http://dbpedia.org/ontology/Hospital,0
468,shoppingmall,http://rtw.ml.cmu.edu/rtw/kbbrowser/pred:shoppingmall,shoppingmall,http://dbpedia.org/ontology/ShoppingMall,1
469,skiarea,http://rtw.ml.cmu.edu/rtw/kbbrowser/pred:skiarea,state,http://dbpedia.org/ontology/State,0
470,skiarea,http://rtw.ml.cmu.edu/rtw/kbbrowser/pred:skiarea,river,http://dbpedia.org/ontology/River,0
471,skiarea,http://rtw.ml.cmu.edu/rtw/kbbrowser/pred:skiarea,skiarea,http://dbpedia.org/ontology/SkiArea,1
472,skyscraper,http://rtw.ml.cmu.edu/rtw/kbbrowser/pred:skyscraper,shoppingmall,http://dbpedia.org/ontology/ShoppingMall,0
473,skyscraper,http://rtw.ml.cmu.edu/rtw/kbbrowser/pred:skyscraper,skyscraper,http://dbpedia.org/ontology/Skyscraper,1
474,skyscraper,http://rtw.ml.cmu.edu/rtw/kbbrowser/pred:skyscraper,award,http://dbpedia.org/ontology/Award,0
475,skyscraper,http://rtw.ml.cmu.edu/rtw/kbbrowser/pred:skyscraper,newspaper,http://dbpedia.org/ontology/Newspaper,0
476,sport,http://rtw.ml.cmu.edu/rtw/kbbrowser/pred:sport,airport,http://dbpedia.org/ontology/Airport,0
477,sport,http://rtw.ml.cmu.edu/rtw/kbbrowser/pred:sport,port,http://dbpedia.org/ontology/Port,0
478,sport,http://rtw.ml.cmu.edu/rtw/kbbrowser/pred:sport,videogame,http://dbpedia.org/ontology/VideoGame,0
479,sport,http://rtw.ml.cmu.edu/rtw/kbbrowser/pred:sport,activity,http://dbpedia.org/ontology/Activity,0
480,sport,http://rtw.ml.cmu.edu/rtw/kbbrowser/pred:sport,sport,http://dbpedia.org/ontology/Sport,1
481,sport,http://rtw.ml.cmu.edu/rtw/kbbrowser/pred:sport,sportsleague,http://dbpedia.org/ontology/SportsLeague,0
482,sport,http://rtw.ml.cmu.edu/rtw/kbbrowser/pred:sport,sportsteam,http://dbpedia.org/ontology/SportsTeam,0
483,sportsleague,http://rtw.ml.cmu.edu/rtw/kbbrowser/pred:sportsleague,videogame,http://dbpedia.org/ontology/VideoGame,0
484,sportsleague,http://rtw.ml.cmu.edu/rtw/kbbrowser/pred:sportsleague,stormsurge,http://dbpedia.org/ontology/StormSurge,0
485,sportsleague,http://rtw.ml.cmu.edu/rtw/kbbrowser/pred:sportsleague,sport,http://dbpedia.org/ontology/Sport,0
486,sportsleague,http://rtw.ml.cmu.edu/rtw/kbbrowser/pred:sportsleague,sportsleague,http://dbpedia.org/ontology/SportsLeague,1
487,sportsleague,http://rtw.ml.cmu.edu/rtw/kbbrowser/pred:sportsleague,sportsteam,http://dbpedia.org/ontology/SportsTeam,0
488,sportsteam,http://rtw.ml.cmu.edu/rtw/kbbrowser/pred:sportsteam,university,http://dbpedia.org/ontology/University,0
489,sportsteam,http://rtw.ml.cmu.edu/rtw/kbbrowser/pred:sportsteam,sport,http://dbpedia.org/ontology/Sport,0
490,sportsteam,http://rtw.ml.cmu.edu/rtw/kbbrowser/pred:sportsteam,sportsleague,http://dbpedia.org/ontology/SportsLeague,0
491,sportsteam,http://rtw.ml.cmu.edu/rtw/kbbrowser/pred:sportsteam,sportsteam,http://dbpedia.org/ontology/SportsTeam,1
492,stadiumoreventvenue,http://rtw.ml.cmu.edu/rtw/kbbrowser/pred:stadiumoreventvenue,airport,http://dbpedia.org/ontology/Airport,0
493,stadiumoreventvenue,http://rtw.ml.cmu.edu/rtw/kbbrowser/pred:stadiumoreventvenue,stadium,http://dbpedia.org/ontology/Stadium,1
494,stateorprovince,http://rtw.ml.cmu.edu/rtw/kbbrowser/pred:stateorprovince,province,http://dbpedia.org/ontology/Province,*
495,stateorprovince,http://rtw.ml.cmu.edu/rtw/kbbrowser/pred:stateorprovince,city,http://dbpedia.org/ontology/City,0
496,stateorprovince,http://rtw.ml.cmu.edu/rtw/kbbrowser/pred:stateorprovince,award,http://dbpedia.org/ontology/Award,0
497,stateorprovince,http://rtw.ml.cmu.edu/rtw/kbbrowser/pred:stateorprovince,politician,http://dbpedia.org/ontology/Politician,0
498,street,http://rtw.ml.cmu.edu/rtw/kbbrowser/pred:street,district,http://dbpedia.org/ontology/District,0
499,street,http://rtw.ml.cmu.edu/rtw/kbbrowser/pred:street,state,http://dbpedia.org/ontology/State,0
500,street,http://rtw.ml.cmu.edu/rtw/kbbrowser/pred:street,road,http://dbpedia.org/ontology/Road,0
501,street,http://rtw.ml.cmu.edu/rtw/kbbrowser/pred:street,street,http://dbpedia.org/ontology/Street,1
502,street,http://rtw.ml.cmu.edu/rtw/kbbrowser/pred:street,instrument,http://dbpedia.org/ontology/Instrument,0
503,street,http://rtw.ml.cmu.edu/rtw/kbbrowser/pred:street,athlete,http://dbpedia.org/ontology/Athlete,0
504,street,http://rtw.ml.cmu.edu/rtw/kbbrowser/pred:street,astronaut,http://dbpedia.org/ontology/Astronaut,0
505,televisionnetwork,http://rtw.ml.cmu.edu/rtw/kbbrowser/pred:televisionnetwork,televisionstation,http://dbpedia.org/ontology/TelevisionStation,0
506,televisionnetwork,http://rtw.ml.cmu.edu/rtw/kbbrowser/pred:televisionnetwork,disease,http://dbpedia.org/ontology/Disease,0
507,televisionnetwork,http://rtw.ml.cmu.edu/rtw/kbbrowser/pred:televisionnetwork,televisionshow,http://dbpedia.org/ontology/TelevisionShow,0
508,televisionnetwork,http://rtw.ml.cmu.edu/rtw/kbbrowser/pred:televisionnetwork,bank,http://dbpedia.org/ontology/Bank,0
509,televisionnetwork,http://rtw.ml.cmu.edu/rtw/kbbrowser/pred:televisionnetwork,broadcastnetwork,http://dbpedia.org/ontology/BroadcastNetwork,1
510,televisionshow,http://rtw.ml.cmu.edu/rtw/kbbrowser/pred:televisionshow,televisionstation,http://dbpedia.org/ontology/TelevisionStation,0
511,televisionshow,http://rtw.ml.cmu.edu/rtw/kbbrowser/pred:televisionshow,election,http://dbpedia.org/ontology/Election,0
512,televisionshow,http://rtw.ml.cmu.edu/rtw/kbbrowser/pred:televisionshow,religious,http://dbpedia.org/ontology/Religious,0
513,televisionshow,http://rtw.ml.cmu.edu/rtw/kbbrowser/pred:televisionshow,film,http://dbpedia.org/ontology/Film,0
514,televisionshow,http://rtw.ml.cmu.edu/rtw/kbbrowser/pred:televisionshow,televisionshow,http://dbpedia.org/ontology/TelevisionShow,1
515,televisionshow,http://rtw.ml.cmu.edu/rtw/kbbrowser/pred:televisionshow,sportsteam,http://dbpedia.org/ontology/SportsTeam,0
516,televisionstation,http://rtw.ml.cmu.edu/rtw/kbbrowser/pred:televisionstation,railwaystation,http://dbpedia.org/ontology/RailwayStation,0
517,televisionstation,http://rtw.ml.cmu.edu/rtw/kbbrowser/pred:televisionstation,radiostation,http://dbpedia.org/ontology/RadioStation,0
518,televisionstation,http://rtw.ml.cmu.edu/rtw/kbbrowser/pred:televisionstation,televisionstation,http://dbpedia.org/ontology/TelevisionStation,1
519,televisionstation,http://rtw.ml.cmu.edu/rtw/kbbrowser/pred:televisionstation,weapon,http://dbpedia.org/ontology/Weapon,0
520,televisionstation,http://rtw.ml.cmu.edu/rtw/kbbrowser/pred:televisionstation,election,http://dbpedia.org/ontology/Election,0
521,televisionstation,http://rtw.ml.cmu.edu/rtw/kbbrowser/pred:televisionstation,televisionshow,http://dbpedia.org/ontology/TelevisionShow,0
522,tradeunion,http://rtw.ml.cmu.edu/rtw/kbbrowser/pred:tradeunion,radiostation,http://dbpedia.org/ontology/RadioStation,0
523,tradeunion,http://rtw.ml.cmu.edu/rtw/kbbrowser/pred:tradeunion,profession,http://dbpedia.org/ontology/Profession,0
524,tradeunion,http://rtw.ml.cmu.edu/rtw/kbbrowser/pred:tradeunion,tradeunion,http://dbpedia.org/ontology/TradeUnion,1
525,trainstation,http://rtw.ml.cmu.edu/rtw/kbbrowser/pred:trainstation,railwaystation,http://dbpedia.org/ontology/RailwayStation,1
526,trainstation,http://rtw.ml.cmu.edu/rtw/kbbrowser/pred:trainstation,university,http://dbpedia.org/ontology/University,0
527,trainstation,http://rtw.ml.cmu.edu/rtw/kbbrowser/pred:trainstation,mountain,http://dbpedia.org/ontology/Mountain,0
528,trainstation,http://rtw.ml.cmu.edu/rtw/kbbrowser/pred:trainstation,radiostation,http://dbpedia.org/ontology/RadioStation,0
529,trainstation,http://rtw.ml.cmu.edu/rtw/kbbrowser/pred:trainstation,televisionstation,http://dbpedia.org/ontology/TelevisionStation,0
530,trainstation,http://rtw.ml.cmu.edu/rtw/kbbrowser/pred:trainstation,convention,http://dbpedia.org/ontology/Convention,0
531,trainstation,http://rtw.ml.cmu.edu/rtw/kbbrowser/pred:trainstation,profession,http://dbpedia.org/ontology/Profession,0
532,trainstation,http://rtw.ml.cmu.edu/rtw/kbbrowser/pred:trainstation,tradeunion,http://dbpedia.org/ontology/TradeUnion,0
533,trainstation,http://rtw.ml.cmu.edu/rtw/kbbrowser/pred:trainstation,crustacean,http://dbpedia.org/ontology/Crustacean,0
534,university,http://rtw.ml.cmu.edu/rtw/kbbrowser/pred:university,university,http://dbpedia.org/ontology/University,1
535,university,http://rtw.ml.cmu.edu/rtw/kbbrowser/pred:university,song,http://dbpedia.org/ontology/Song,0
536,vehicle,http://rtw.ml.cmu.edu/rtw/kbbrowser/pred:vehicle,vein,http://dbpedia.org/ontology/Vein,0
537,vehicle,http://rtw.ml.cmu.edu/rtw/kbbrowser/pred:vehicle,muscle,http://dbpedia.org/ontology/Muscle,0
538,vehicle,http://rtw.ml.cmu.edu/rtw/kbbrowser/pred:vehicle,automobile,http://dbpedia.org/ontology/Automobile,1
539,vehicle,http://rtw.ml.cmu.edu/rtw/kbbrowser/pred:vehicle,bird,http://dbpedia.org/ontology/Bird,0
540,vehicle,http://rtw.ml.cmu.edu/rtw/kbbrowser/pred:vehicle,reptile,http://dbpedia.org/ontology/Reptile,0
541,vein,http://rtw.ml.cmu.edu/rtw/kbbrowser/pred:vein,vein,http://dbpedia.org/ontology/Vein,1
542,vein,http://rtw.ml.cmu.edu/rtw/kbbrowser/pred:vein,bone,http://dbpedia.org/ontology/Bone,0
543,vein,http://rtw.ml.cmu.edu/rtw/kbbrowser/pred:vein,protein,http://dbpedia.org/ontology/Protein,0
544,vein,http://rtw.ml.cmu.edu/rtw/kbbrowser/pred:vein,election,http://dbpedia.org/ontology/Election,0
545,videogame,http://rtw.ml.cmu.edu/rtw/kbbrowser/pred:videogame,videogame,http://dbpedia.org/ontology/VideoGame,1
546,videogame,http://rtw.ml.cmu.edu/rtw/kbbrowser/pred:videogame,disease,http://dbpedia.org/ontology/Disease,0
547,videogame,http://rtw.ml.cmu.edu/rtw/kbbrowser/pred:videogame,activity,http://dbpedia.org/ontology/Activity,0
548,videogame,http://rtw.ml.cmu.edu/rtw/kbbrowser/pred:videogame,cardgame,http://dbpedia.org/ontology/CardGame,0
549,videogame,http://rtw.ml.cmu.edu/rtw/kbbrowser/pred:videogame,boardgame,http://dbpedia.org/ontology/BoardGame,0
550,visualartform,http://rtw.ml.cmu.edu/rtw/kbbrowser/pred:visualartform,plant,http://dbpedia.org/ontology/Plant,0
551,visualartform,http://rtw.ml.cmu.edu/rtw/kbbrowser/pred:visualartform,convention,http://dbpedia.org/ontology/Convention,0
552,visualartform,http://rtw.ml.cmu.edu/rtw/kbbrowser/pred:visualartform,artwork,http://dbpedia.org/ontology/Artwork,1
553,weapon,http://rtw.ml.cmu.edu/rtw/kbbrowser/pred:weapon,drug,http://dbpedia.org/ontology/Drug,0
554,weapon,http://rtw.ml.cmu.edu/rtw/kbbrowser/pred:weapon,weapon,http://dbpedia.org/ontology/Weapon,1
555,weapon,http://rtw.ml.cmu.edu/rtw/kbbrowser/pred:weapon,chemicalsubstance,http://dbpedia.org/ontology/ChemicalSubstance,0
556,weatherphenomenon,http://rtw.ml.cmu.edu/rtw/kbbrowser/pred:weatherphenomenon,automobile,http://dbpedia.org/ontology/Automobile,0
557,weatherphenomenon,http://rtw.ml.cmu.edu/rtw/kbbrowser/pred:weatherphenomenon,book,http://dbpedia.org/ontology/Book,0
558,weatherphenomenon,http://rtw.ml.cmu.edu/rtw/kbbrowser/pred:weatherphenomenon,actor,http://dbpedia.org/ontology/Actor,0
559,website,http://rtw.ml.cmu.edu/rtw/kbbrowser/pred:website,website,http://dbpedia.org/ontology/Website,1
560,website,http://rtw.ml.cmu.edu/rtw/kbbrowser/pred:website,wine,http://dbpedia.org/ontology/Wine,0
561,website,http://rtw.ml.cmu.edu/rtw/kbbrowser/pred:website,reptile,http://dbpedia.org/ontology/Reptile,0
562,website,http://rtw.ml.cmu.edu/rtw/kbbrowser/pred:website,celebrity,http://dbpedia.org/ontology/Celebrity,0
563,website,http://rtw.ml.cmu.edu/rtw/kbbrowser/pred:website,magazine,http://dbpedia.org/ontology/Magazine,0
564,website,http://rtw.ml.cmu.edu/rtw/kbbrowser/pred:website,newspaper,http://dbpedia.org/ontology/Newspaper,0
565,website,http://rtw.ml.cmu.edu/rtw/kbbrowser/pred:website,writer,http://dbpedia.org/ontology/Writer,0
566,wine,http://rtw.ml.cmu.edu/rtw/kbbrowser/pred:wine,city,http://dbpedia.org/ontology/City,0
567,wine,http://rtw.ml.cmu.edu/rtw/kbbrowser/pred:wine,website,http://dbpedia.org/ontology/Website,0
568,wine,http://rtw.ml.cmu.edu/rtw/kbbrowser/pred:wine,wine,http://dbpedia.org/ontology/Wine,1
569,wine,http://rtw.ml.cmu.edu/rtw/kbbrowser/pred:wine,bone,http://dbpedia.org/ontology/Bone,0
570,wine,http://rtw.ml.cmu.edu/rtw/kbbrowser/pred:wine,plant,http://dbpedia.org/ontology/Plant,0
571,wine,http://rtw.ml.cmu.edu/rtw/kbbrowser/pred:wine,winery,http://dbpedia.org/ontology/Winery,0
572,wine,http://rtw.ml.cmu.edu/rtw/kbbrowser/pred:wine,writer,http://dbpedia.org/ontology/Writer,0
573,winery,http://rtw.ml.cmu.edu/rtw/kbbrowser/pred:winery,country,http://dbpedia.org/ontology/Country,0
574,winery,http://rtw.ml.cmu.edu/rtw/kbbrowser/pred:winery,river,http://dbpedia.org/ontology/River,0
575,winery,http://rtw.ml.cmu.edu/rtw/kbbrowser/pred:winery,wine,http://dbpedia.org/ontology/Wine,0
576,winery,http://rtw.ml.cmu.edu/rtw/kbbrowser/pred:winery,artery,http://dbpedia.org/ontology/Artery,0
577,winery,http://rtw.ml.cmu.edu/rtw/kbbrowser/pred:winery,winery,http://dbpedia.org/ontology/Winery,1
578,winery,http://rtw.ml.cmu.edu/rtw/kbbrowser/pred:winery,writer,http://dbpedia.org/ontology/Writer,0
579,writer,http://rtw.ml.cmu.edu/rtw/kbbrowser/pred:writer,website,http://dbpedia.org/ontology/Website,0
580,writer,http://rtw.ml.cmu.edu/rtw/kbbrowser/pred:writer,river,http://dbpedia.org/ontology/River,0
581,writer,http://rtw.ml.cmu.edu/rtw/kbbrowser/pred:writer,wine,http://dbpedia.org/ontology/Wine,0
582,writer,http://rtw.ml.cmu.edu/rtw/kbbrowser/pred:writer,artery,http://dbpedia.org/ontology/Artery,0
583,writer,http://rtw.ml.cmu.edu/rtw/kbbrowser/pred:writer,protein,http://dbpedia.org/ontology/Protein,0
584,writer,http://rtw.ml.cmu.edu/rtw/kbbrowser/pred:writer,scientist,http://dbpedia.org/ontology/Scientist,0
585,writer,http://rtw.ml.cmu.edu/rtw/kbbrowser/pred:writer,architect,http://dbpedia.org/ontology/Architect,0
586,writer,http://rtw.ml.cmu.edu/rtw/kbbrowser/pred:writer,winery,http://dbpedia.org/ontology/Winery,0
587,writer,http://rtw.ml.cmu.edu/rtw/kbbrowser/pred:writer,writer,http://dbpedia.org/ontology/Writer,1
588,year,http://rtw.ml.cmu.edu/rtw/kbbrowser/pred:year,automobile,http://dbpedia.org/ontology/Automobile,0
589,year,http://rtw.ml.cmu.edu/rtw/kbbrowser/pred:year,weapon,http://dbpedia.org/ontology/Weapon,0
590,year,http://rtw.ml.cmu.edu/rtw/kbbrowser/pred:year,televisionshow,http://dbpedia.org/ontology/TelevisionShow,0
591,year,http://rtw.ml.cmu.edu/rtw/kbbrowser/pred:year,year,http://dbpedia.org/ontology/Year,1
592,zoo,http://rtw.ml.cmu.edu/rtw/kbbrowser/pred:zoo,park,http://dbpedia.org/ontology/Park,0
593,zoo,http://rtw.ml.cmu.edu/rtw/kbbrowser/pred:zoo,park,http://dbpedia.org/ontology/Park,0
594,zoo,http://rtw.ml.cmu.edu/rtw/kbbrowser/pred:zoo,zoo,http://dbpedia.org/ontology/Zoo,1
595,zoo,http://rtw.ml.cmu.edu/rtw/kbbrowser/pred:zoo,cave,http://dbpedia.org/ontology/Cave,0
596,zoo,http://rtw.ml.cmu.edu/rtw/kbbrowser/pred:zoo,book,http://dbpedia.org/ontology/Book,0
597,continent,http://rtw.ml.cmu.edu/rtw/kbbrowser/pred:continent,continent,http://dbpedia.org/ontology/Continent,1
598,bombingevent,http://rtw.ml.cmu.edu/rtw/kbbrowser/pred:bombingevent,Attack,http://dbpedia.org/ontology/Attack,1
599,Film,http://rtw.ml.cmu.edu/rtw/kbbrowser/pred:Film,Movie,http://dbpedia.org/ontology/Movie,1
600,musicartist,http://rtw.ml.cmu.edu/rtw/kbbrowser/pred:musicartist,musicalartist,http://dbpedia.org/ontology/MusicalArtist,1
601,awardtrophytournament,http://rtw.ml.cmu.edu/rtw/kbbrowser/pred:awardtrophytournament,award,http://dbpedia.org/ontology/Award,1
602,politicsissue,http://rtw.ml.cmu.edu/rtw/kbbrowser/pred:politicsissue,politicalconcepts,http://dbpedia.org/ontology/PoliticalConcepts,1
603,hobby,http://rtw.ml.cmu.edu/rtw/kbbrowser/pred:hobby,activity,http://dbpedia.org/ontology/Activity,1
